name,full_address,address,city,state,zip
Her Choice Birmingham Womens Center,2120 7th Avenue South,"Birmingham, AL 35233",Appointments Online Services: Mon Thurs 9am4:30pm,Fri 9am12:00pm
Sav A Life Montgomery,First Choice Womens Medical Center,380 Mendel Parkway East,"Montgomery, AL 36117",           Thurs 9am6pm
Crisis Pregnancy Centers of Greater Phoenix,Glendale Center,1055 N 58th Drive,"Glendale, AZ 85302",           Tues Thurs 9:00pm6:00pm
Pregnancy Resource Clinic of Arizona,"21050 N. Tatum Blvd., Ste. 200","Phoenix, AZ 85050",           Tues 9:00am7:00pm,           Thurs Fri 9:00am2:00pm
Care Net Pregnancy Center of the White Mountains,81A Highland Street,"Plymouth, NH 03264",Website 1:,Website 2:
"Life Choices, Inc.",411 South Main St.,"Phillipsburg, NJ 08865",For women in need of assistance,For families in need
Cornerstone Womens Resource Centers,567 Salem Quinton Road,"Salem, NJ 08079",Mobile Unit: ICU Mobile New Jersey,                    
Cornerstone Pregnancy Services,364 Griswold Road,"Elyria, OH 44035",Websites:,               
Addison County Parent Child Center,"213 Court Street, Suite 1",Or,P.O. Box 646,"Middlebury, VT 05753"
Step By Step,Located in EDGEWOOD,Mailing Address:,P.O. Box 488,"Milton, WA 98354"
